rank,tag,rating,character,id
1,Ouch!?,3890.611772405761,"[""wolf""]",300502
2,JDV,2108.587365962347,"[""pacman""]",1532849
3,X'avier,1451.4898691812054,"[""wiifit""]",2588888
4,BassMage,1372.0196718094398,"[""purin""]",229756
5,Big D,1227.688413431325,"[""ice_climber""]",21504
6,Lemmon,1084.7040296589087,"[""jack""]",250692
7,embo_z,996.4877344153392,"[""duckhunt""]",1094952
8,Raiyihn,847.7869880470051,"[""snake""]",1015004
9,Tickle,837.1090252128838,"[""eflame_first""]",53715
10,SPARKLE,785.3200618371346,"[""brave""]",1318973
11,Opsine,666.6666666666664,"[""szerosuit""]",1158880
12,Bombastic,636.4954920543603,"[""gamewatch""]",1173578
13,Cattail,518.6482217208924,"[""toonlink""]",1652922
14,Domnique,509.87379263493824,"[""robot""]",413893
15,Konga,450.2710927273388,"[""donkey""]",65019
16,Fizzmint,431.1525688597871,"[""shulk""]",538990
17,JoJoDaHoBo,421.2833290272183,"[""toonlink""]",156359
18,Machu,402.1193804496845,"[""robot""]",156498
19,OpZ,383.2662483900873,"[""pickel""]",1866457
20,Charlie D.,377.7938056374371,"[""ness""]",1328570
21,Mio!,377.05782020702327,"[""roy""]",1768035
22,Psionic,376.1398543497155,"[""sheik"", ""lucina""]",1141084
23,Major,372.49028491004344,"[""cloud"", ""ganon""]",1985265
24,Spade,370.8595520150155,"[""captain""]",35880
25,Captain L,364.052573833807,"[""sheik""]",13982
26,Artemis,352.69743382049467,"[""robot"", ""palutena""]",131043
27,Niko4,352.5255344808483,"[""demon""]",1750294
28,Terra,343.3663205738674,"[""wolf""]",1195489
29,pacstreet,333.3057217005473,"[""pacman""]",1373555
30,Seesaw,330.8772957826745,"[""gaogaen""]",33730
31,RGScompany,326.3914736059541,"[""younglink""]",613579
32,NinJamez,323.5398973686577,"[""koopa""]",998885
33,Clune,323.5398973686577,"[""yoshi""]",318435
34,Pow,323.2245974196983,"[""pacman"", ""snake""]",38651
35,Eddawg,296.503583662077,"[""bayonetta""]",1333686
36,GamingInAction,294.6304204944677,"[""donkey""]",4011486
37,Debo,293.7698794391601,"[""ness""]",55018
38,Peace!2,279.65560986663985,"[""eflame_first""]",279024
39,Emma,265.5713405587087,"[""rockman"", ""demon""]",179936
40,Shoghi,253.73792100009237,"[""ike""]",132568
41,Lumeckos,250.7253434450739,"[""rosetta"", ""bayonetta""]",2078888
42,Sophia,245.464341263685,"[""pickel""]",3129353
43,Zeb,245.4045161888539,"[""cloud""]",248620
44,Liam,244.9861487254262,"[""belmont""]",172183
45,Despa,244.68775156901586,"[""ptrainer""]",1189554
46,Blueka,240.72411965706758,"[""bayonetta""]",2483554
47,FireThePyro,238.44656217256974,"[""miifighter""]",390882
48,Tirachi,229.4379100425254,"[""lucas""]",2668042
49,mr. money,222.06490676303423,"[""wolf""]",1768825
50,MOX,221.30839632176037,"[""diddy""]",2569642
51,Peregrine,217.9889945560139,"[""link""]",1447695
52,Irod,211.60193880354208,"[""mario""]",225363
53,gameninja,209.65101090398616,"[""wolf""]",1383936
54,Vai,207.21237028752637,"[""ken""]",539478
55,Capsize,206.4058100188666,"[""gekkouga""]",62425
56,CheeseKerd,205.90330489579753,"[""kirby""]",3268640
57,Martin Litster,205.8029507714162,"[""sora""]",40891
58,Stay Gold,202.41985721062642,"[""reflet""]",2262760
59,SuperKernel,198.22076604325719,"[""wiifit""]",1347647
60,Zookalooza,196.34534454445657,"[""mario"", ""wario""]",1744223
61,Lemonjuice,195.8195949310923,"[""samusBoth""]",2800491
62,RJW,193.07065287579684,"[""pacman"", ""murabito""]",1000215
63,Sawstep,190.17478865771284,"[""donkey""]",421875
64,Jovann,189.89685930251102,"[""gekkouga""]",1305515
65,ditto,189.71179875655483,"[""dolly""]",1707437
66,Anomaly,188.60521663090017,"[""packun""]",1080335
67,Scoria,187.77951796601246,"[""metaknight""]",1864478
68,Cool Guy,181.03777897470374,"[""gekkouga""]",2272586
69,Kento,180.94954392768426,"[""pickel""]",4282574
70,Healer,179.7187592101067,"[""marth""]",1321767
71,diegohd,175.22011729078721,"[""inkling""]",2060709
72,Everest,174.79353527453813,"[""roy""]",259129
73,2013 TOYOTA COROLLA,165.18318489643804,"[""bayonetta""]",4819637
74,CaptainCarson,162.98345987606314,"[""captain""]",1734856
75,Sam,162.8246272962234,"[""pickel""]",479730
76,junip,161.83542460000223,"[""paisy""]",4621535
77,Adam,160.10900166376112,"[""yoshi""]",12566
78,Spikefire,157.51543846202614,"[""yoshi""]",550678
79,Shinkou,156.4821862769659,"[""sheik""]",45051
80,Bradoof,151.52747245567303,"[""buddy""]",398526
81,Marmalade,150.79056835553763,"[""pikachu"", ""pichu"", ""szerosuit""]",556018
82,Dr. Cakenstein,149.25471386183654,"[""koopajr""]",264405
83,Cube,147.87861500820725,"[""gamewatch""]",1073728
84,kamikaze,146.87277252052806,"[""snake""]",36781
85,Velvet,145.37682214287491,"[""littlemac""]",2174993
86,Octavia,144.81095260254892,"[""ridley"", ""tantan"", ""pickel""]",1040084
87,Nath,142.36105808586765,"[""diddy""]",1363727
88,Knev$,141.0485173709743,"[""sonic""]",3053380
89,Moonboyjosh,139.20411799015596,"[""ken""]",40430
90,Feathers McRaw,135.65347330291362,"[""szerosuit""]",1227561
91,Grandma,135.52127466665132,"[""pitBoth""]",3589473
92,CaptainOfJohns,132.4514245077495,"[""wolf""]",2448501
93,Wadinator,131.67884009371497,"[""pickel""]",1917260
94,Cinnamint,130.91076213688936,"[""lucas""]",1764310
95,John,130.78318542392228,"[""pickel""]",2050266
96,Cider,130.46478730964054,"[""gamewatch""]",2519221
97,Naythen,127.07508989082082,"[""mario""]",846187
98,Cash,125.59696453281833,"[""rockman""]",2398024
99,Redx,124.86436193825412,"[""mariod""]",158332
100,Efeo,124.49966466900288,"[""fox""]",555736
101,Fizzique,122.51278673006787,"[""miifighter""]",1211271
102,Arpeggio,120.85183693795365,"[""snake""]",540874
103,Zetami,120.32275719036542,"[""koopajr""]",1765229
104,Jeff,120.2054988259123,"[""snake""]",1089028
105,Rafbox,119.1553024459108,"[""eflame_first""]",784011
106,Furret,119.06820135061665,"[""palutena""]",281500
107,Proto,118.74937504501057,"[""littlemac""]",2619992
108,Mada,117.82672624797696,"[""gekkouga""]",65489
109,RIN,115.60769109650992,"[""link""]",38939
110,Hidro,115.3824741262442,"[""robot""]",1064010
111,superbigagariofan,115.1576959043283,"[""gamewatch""]",2190280
112,Snickeldorf,114.70945228828379,"[""gamewatch"", ""snake""]",225097
113,Shweepy,113.81819253957309,"[""robot""]",971731
114,Waga,113.65185389349894,"[""robot"", ""wolf""]",2098017
115,Lam,112.87881538861947,"[""lucario""]",1002342
116,alex,110.37566134461237,"[""fox""]",527424
117,Fyoss,109.35801964261898,"[""koopa"", ""gamewatch""]",2183074
118,Gundham,108.82619282764382,"[""brave""]",2327374
119,Howl,105.02141594053047,"[""bayonetta""]",1468110
120,Marshall,103.44620108511512,"[""snake""]",10630
121,Jasutin,102.44249437931254,"[""krool""]",1447142
122,Lage,100.6112399053954,"[""metaknight""]",2703389
123,Lightkuma9,100.48869376126893,"[""gaogaen""]",2680741
124,Spyre,99.70792525297853,"[""pickel""]",1063588
125,NeroTak,98.9573411804686,"[""littlemac""]",2349879
126,Purin,98.9573411804686,"[""ness""]",1733558
127,foomS,98.90911088455228,"[""kamui"", ""master""]",1748564
128,romuhhh,97.94942617096758,"[""yoshi""]",1988650
129,Bunky,97.42557441338627,"[""ptrainer""]",1720766
130,legit247,96.2923293991029,"[""demon""]",10746
131,sheep,95.26510506629945,"[""palutena""]",1294084
132,Safzai,95.07951777421208,"[""samusBoth""]",2069118
133,Papa Frank,94.15699042595374,"[""chrom""]",259661
134,CAUTION,93.37988332703412,"[""dedede""]",2774085
135,22Cents,92.56405363211279,"[""reflet"", ""dolly""]",3696449
136,Breadtzel,92.1588155540473,"[""murabito""]",2072172
137,Bojazz,91.86724739362229,"[""ken""]",2373748
138,Flame,91.77771983102545,"[""jack""]",1844994
139,leiadog,91.06463310728913,"[""dedede""]",496244
140,Mossayef,89.85193611247728,"[""roy""]",3138393
141,TG,89.37139123850886,"[""samusBoth""]",409504
142,Rush,88.63378118685388,"[""wolf""]",12308
143,Jikson,88.15975123210185,"[""shulk""]",1196194
144,RNM,88.07383674276122,"[""pacman"", ""captain""]",2190114
145,ssmowy.,87.90225886171588,"[""duckhunt""]",2275100
146,PUNCHING JUDY,87.47477509315168,"[""littlemac""]",1563222
147,Apex,86.9221526770053,"[""bayonetta""]",2797199
148,MMM,86.24679232607622,"[""pitBoth""]",346985
149,Poison,85.86921071647599,"[""gaogaen""]",2024926
150,Junya,85.70192769842377,"[""bayonetta""]",413057
151,Sharmin8r,85.61840843650646,"[""snake""]",1386003
152,Isolde,85.57667933257623,"[""gekkouga""]",2991955
153,Tet,83.82186634242738,"[""donkey""]",1107771
154,Relwrd,83.47524562506287,"[""captain""]",614913
155,Freckles,83.15032382408947,"[""rosetta""]",213054
156,Cyclone,81.98304829095441,"[""shulk""]",4294526
157,PoyoPoyo,81.22718084897433,"[""brave""]",2028754
158,Jmuze,81.18759196226758,"[""luigi""]",1445540
159,TetraTheThief,80.38025848399572,"[""toonlink""]",1163706
160,GEEK,79.58095317024242,"[""brave""]",2226174
161,Crooks,78.5786230186399,"[""pacman""]",1174940
162,Wave,78.31092854299743,"[""fox""]",2569869
163,BruhCity,77.83516893006501,"[""littlemac""]",2433865
164,Vulpes,75.94234573210912,"[""donkey""]",156468
165,Theo,75.94234573210912,"[""ptrainer""]",1095364
166,Necriotic,75.86833749408984,"[""robot""]",227556
167,Jcklonk,75.75746034644688,"[""jack""]",1139489
168,Slayer,74.8032874735531,"[""miiswordsman""]",247887
169,Furaze,74.04138991946346,"[""zelda"", ""wolf""]",1002343
170,Phobos,73.10883112710927,"[""ptrainer""]",1649431
171,nervy,71.99472173792994,"[""ptrainer""]",27507
172,Bailey,71.29617907292388,"[""pickel""]",3586471
173,SLett,70.93216157297255,"[""tantan""]",2155366
174,Maize,70.82849835836772,"[""pikachu""]",1246059
175,Lotus,69.03871979105554,"[""szerosuit""]",503317
176,Tedtonic,69.02189353207032,"[""snake""]",1533613
177,Muir,68.30223067175056,"[""luigi""]",2224473
178,Bimbus,67.72200162430282,"[""belmont""]",1181254
179,Reo M,67.13033650376371,"[""purin""]",1400088
180,AvengerSpencer,66.77131097253559,"[""pickel""]",1659211
181,StringNoodles,66.31714509107607,"[""ken""]",2490036
182,Oinkums,65.93031955959502,"[""koopa""]",1649466
183,Bachman,65.41805976869806,"[""falco""]",1343127
184,KILA,65.13166469662394,"[""cloud""]",254570
185,Syncend,64.97309844705434,"[""captain""]",72265
186,ShinyShoes,64.90978009036725,"[""tantan""]",1428784
187,CHERIBOMBER,64.18603899726457,"[""littlemac""]",1754595
188,Tracy,64.0609972712409,"[""wolf""]",2513543
189,Seraphy,63.71838713737063,"[""shizue""]",259506
190,noah204,63.687331769165645,"[""snake""]",2645770
191,Sherwood,63.625266433114376,"[""cloud"", ""gaogaen""]",1832387
192,ColdLeftovers,63.43943309713807,"[""donkey""]",3639758
193,Shoosh,63.37760934624917,"[""captain""]",1166754
194,Skips,62.8545341086835,"[""sheik""]",893789
195,Rockhopper,62.45745021257854,"[""miifighter"", ""cloud""]",158345
196,brynsanity,62.36617229405078,"[""ice_climber""]",2334857
197,Nikita,62.244675875967225,"[""buddy"", ""tantan""]",3903502
198,FunnyTune,62.093138143048826,"[""sonic""]",2183006
199,Pinejolt,61.941969336214065,"[""kamui""]",2616813
200,MELFOR (King Crew),61.70086437052206,"[""koopa"", ""buddy""]",2983603
201,LeBlanc,61.670792312083705,"[""younglink""]",989648
202,Putrid,61.3409654391041,"[""wario""]",66305
203,Shrimp4Life,61.01290254161535,"[""mario""]",2170873
204,Shinkai,60.98316578525961,"[""eflame_first"", ""kamui""]",2825734
205,Fire,60.92373574520625,"[""metaknight""]",635028
206,Razeen,60.775413906176276,"[""cloud"", ""wolf""]",1035189
207,sly,60.65701646689894,"[""chrom""]",1686624
208,knqrf,60.53884967933955,"[""kirby""]",1003813
209,Guanábana,60.50934396910484,"[""lucas""]",1667829
210,Fish,60.12707582576832,"[""roy""]",469669
211,Monad,60.068480072684615,"[""littlemac""]",1078520
212,alieb,60.03920361340844,"[""wiifit""]",1160941
213,Buck,59.951459821158764,"[""koopajr""]",48262
214,Internet Queer,59.951459821158764,"[""sonic""]",1214149
215,Kcat,59.820084510019235,"[""donkey""]",2583391
216,PROG 神,59.57271611427196,"[""demon""]",3682390
217,Jah,59.48565406627851,"[""pikachu""]",2895788
218,BlanketMan,59.34083330801261,"[""lucario""]",64851
219,Indecisive,59.283003773338855,"[""younglink""]",1765215
220,Piff,59.25411014320805,"[""pacman""]",263430
221,Dahveed,59.13867637720452,"[""krool""]",1805146
222,Enj0y,58.90848304154218,"[""demon""]",2471839
223,Lvl 5 Dino,58.62200098002184,"[""yoshi""]",3619515
224,Zae,57.99663501141265,"[""ness""]",2373629
225,T.Jay,57.2382508773685,"[""robot""]",259991
226,skye,56.35225647357809,"[""roy""]",854994
227,IdealSavagery,56.10555076858847,"[""ness""]",3131401
228,Omen,55.156363716690514,"[""koopa""]",37917
229,kazuYoshi,54.58127102586558,"[""miigunner""]",463316
230,IrisZ,54.30259497223472,"[""link""]",18762
231,Java,54.01217458970202,"[""buddy""]",2092519
232,AgMa,53.90695271213334,"[""diddy""]",1023693
233,Rayne,53.383910112608284,"[""donkey""]",2225657
234,MAD HATT3R,53.05958873263578,"[""dedede""]",970437
235,zton,52.994961281326816,"[""donkey""]",3903485
236,Enerzma,52.73723769086602,"[""sora""]",1391032
237,Spork,52.12380315850528,"[""zelda""]",176279
238,Archie,51.94623254681746,"[""ptrainer""]",1728563
239,darkskinray,51.69360910415076,"[""sheik""]",706642
240,Lavi,51.69360910415076,"[""ganon"", ""random""]",247959
241,BlueZy,51.31697560534243,"[""pichu"", ""wolf""]",238745
242,stixz,51.17956526772466,"[""diddy""]",1370633
243,BAN,51.04252287074762,"[""cloud""]",2945901
244,ZG: FenRir,51.03008268194223,"[""zelda""]",281900
245,Sera,50.8190627579271,"[""tantan""]",2899151
246,ShiftyVixen,50.76953796044754,"[""luigi""]",48827
247,Ocelot,50.14231128391539,"[""snake""]",663386
248,Geonosis,50.10565785646601,"[""koopa""]",938827
249,Flave,49.018426289915276,"[""mario""]",716163
250,Oldwidegaming,48.87525584533506,"[""jack""]",3043793
251,Penjib,48.87525584533506,"[""mewtwo""]",2404490
252,AG Karo,48.756266624773176,"[""fox""]",3251677
253,Salade au Thon,48.613861882371715,"[""pikmin""]",948906
254,FluffyWeetBix,48.59016822896256,"[""falco""]",2397729
255,Deer Man,48.306743518443,"[""pickel""]",1256790
256,Eli,48.23614603192681,"[""jack""]",3278490
257,Eri,48.13044320647401,"[""toonlink""]",1860368
258,brycekrispies,47.67506776959105,"[""donkey""]",4072756
259,Axellent,47.42009263578766,"[""littlemac""]",2650985
260,Chris_Sean,47.12051591623203,"[""wiifit""]",926641
261,Clem!!,47.00579869655978,"[""inkling""]",706613
262,Dondon,46.93710246497886,"[""shulk""]",2428930
263,Hallon,46.278193049069294,"[""master""]",1307732
264,avenue,45.762193303306475,"[""eflame_first""]",566866
265,Drakufoo,45.67304333040475,"[""captain""]",2091575
266,Nes,45.51744857809625,"[""samusBoth""]",2892964
267,Frog,45.42877539583862,"[""gekkouga""]",1664762
268,Jo,45.38450360531111,"[""bayonetta""]",3427118
269,Asher!,45.38450360531111,"[""captain""]",2510002
270,Bubz,45.00993109855322,"[""falco""]",2204486
271,Lucas,44.573213566179476,"[""chrom""]",1540785
272,404,44.39971531866132,"[""inkling""]",763009
273,Kid,44.30241949914506,"[""pickel""]",1787071
274,Breakfast,44.270034962466056,"[""wiifit""]",1128293
275,Angzarr,43.99035875114926,"[""miifighter""]",3081435
276,Mapo tofu,43.947488743518825,"[""jack""]",2535011
277,MetaToaster,43.8404964149714,"[""miiswordsman""]",2340849
278,Gerbo,43.71244939597438,"[""cloud""]",1176199
279,Gokies,43.531689395886865,"[""snake""]",3105659
280,jacobpear,43.31998732046926,"[""younglink"", ""buddy""]",3467878
281,Cookie,42.95198301473581,"[""pickel""]",3237745
282,Mr. T,42.847414293976904,"[""pitBoth""]",995385
283,ATLASGETMONEY,42.78479529852097,"[""wiifit""]",1810023
284,12AM,42.45236963397708,"[""cloud""]",252490
285,Rian,42.28712662937404,"[""jack""]",2959223
286,Kisai,42.12252682209559,"[""wolf""]",1094499
287,Balthazar,41.9176777460817,"[""mario""]",2937453
288,That1guy,41.79524679484753,"[""captain""]",2302321
289,Phoenix,41.70365830695739,"[""szerosuit""]",3377811
290,Chillaccino,41.40990291046755,"[""ridley""]",4434556
291,CPU!,41.26883143555262,"[""dedede""]",41250
292,Dthebozz,41.16836043031521,"[""metaknight""]",2310573
293,JChou,41.10819527409301,"[""pickel""]",3656248
294,skyes,40.9082790664528,"[""wolf"", ""jack""]",708782
295,Cabronazo,40.80868584373803,"[""belmont""]",1624056
296,SFJavelin,40.62012622267991,"[""krool""]",150322
297,Monkey,40.57065024119712,"[""pitBoth""]",2664262
298,Car,40.47187899250708,"[""luigi""]",3789852
299,EyeViss,40.29469631937345,"[""yoshi""]",3128330
300,YunZyu,40.15742402841171,"[""lucina""]",486903
301,Mellow,40.13785191358907,"[""rockman""]",2272537
302,Meatboy,39.80658166465346,"[""edge""]",3447074
303,Draymond,39.74840666862515,"[""master""]",1186977
304,August,39.709670578591854,"[""snake"", ""cloud""]",1245171
305,AJAX,39.67097223811375,"[""falco""]",1008473
306,DuckDuckPony,39.32437984556485,"[""pacman""]",58650
307,sincerershoe,39.22864270361084,"[""edge"", ""gamewatch""]",3852065
308,Jordan,39.17131233164612,"[""roy""]",1080721
309,Zushi,39.15222083259563,"[""kamui""]",1006249
310,WRLD,38.94282747014176,"[""ptrainer""]",2598189
311,Little Cheese,38.8290853053253,"[""ptrainer""]",712441
312,Dantotto,38.77233886318038,"[""pickel""]",1178271
313,Jarbo,38.414865590265606,"[""sora""]",263069
314,Koyuki,38.2373667968363,"[""dolly""]",1663994
315,soulace,38.11639303399631,"[""pikachu""]",1923998
316,TheGrapesofRaf,38.09781568649119,"[""ryu""]",1340759
317,P3zzDaJa,38.005064675468525,"[""jack""]",3654076
318,ander,38.005064675468525,"[""captain"", ""donkey""]",1231202
319,Kvothe,37.91253947135607,"[""ridley""]",49230
320,J_Pizzle,37.691396986849796,"[""captain""]",2957240
321,Moment,37.691396986849796,"[""captain""]",160000
322,SANGRE,37.56299337827252,"[""ness""]",30801
323,Elevator,37.41678194316946,"[""falco""]",1456229
324,Saru,37.18040119889391,"[""metaknight""]",2073168
325,wang huge,37.089883678682156,"[""rockman"", ""miifighter""]",3669773
326,Moo Mania,36.87353971594261,"[""yoshi""]",2445477
327,Brozac,36.85556811615257,"[""gekkouga"", ""robot""]",1498852
328,Flux,36.783769265143505,"[""link""]",998648
329,Chou,36.515767089288914,"[""master""]",3930276
330,Kerolyn,36.44463020944316,"[""gekkouga""]",3396590
331,Ka-Go,36.33818464795598,"[""pacman""]",797882
332,the bankster,36.05584731069325,"[""murabito""]",456753
333,Dust!,35.994379031236235,"[""tantan""]",66315
334,DaRealJake,35.9856064070418,"[""mario""]",2244454
335,alexasf,35.89799767367023,"[""jack""]",2651291
336,Skyehoppers,35.89799767367023,"[""szerosuit""]",2315666
337,Pengu-Win,35.72341955101253,"[""dedede""]",1826825
338,HoboBobo,35.60172026821146,"[""link""]",3640135
339,Moriano,35.549690431722304,"[""donkey""]",4826735
340,Wylie Wonka,35.46314295728917,"[""dolly""]",2012969
341,Trav,35.36818407888167,"[""link""]",2611347
342,Alexander LM,35.22192933805759,"[""demon""]",4629101
343,Clark Fent,35.067730527713344,"[""koopa""]",3771708
344,Chang,34.829206429355374,"[""ness""]",256193
345,5w4g M0n3y,34.76135516207047,"[""pichu""]",1629879
346,BedsideCheese,34.74441300875552,"[""shizue""]",4339716
347,guch mane,34.6598260219196,"[""samusBoth""]",1819427
348,sheepy.,34.62604891602158,"[""sora""]",1489703
349,Sybrefox,34.30680361390564,"[""tantan""]",3083241
350,MrBoo60,33.80871416215753,"[""ness""]",1836894
351,Swafog,33.79223631150855,"[""wario""]",2741206
352,eNVy,33.742850930222346,"[""ike""]",2998241
353,PoOJ,33.59512740772236,"[""kamui""]",3214089
354,Fattytuna,33.5542079902783,"[""gekkouga""]",2122574
355,flower,33.46436062507307,"[""tantan""]",3539884
356,Dreigon,33.042873619421655,"[""donkey""]",1684881
357,Shuck,32.96242911413779,"[""buddy""]",686143
358,Chance,32.62669528522294,"[""snake""]",799383
359,FlashFreeze,32.59489953007245,"[""toonlink""]",977282
360,Schlick,32.563134760899466,"[""kamui"", ""edge""]",1209344
361,Hood Apparition,32.43638494048714,"[""demon"", ""rockman"", ""marth"", ""koopa""]",395301
362,Sophie,31.87208848451171,"[""fox""]",348104
363,Lapras,31.424663779869643,"[""wolf""]",3670959
364,Gabotos,31.15011670451348,"[""toonlink""]",131469
365,KidBulblin,30.983520083967285,"[""dedede""]",546257
366,Numbreon,30.96841918974001,"[""ness""]",252075
367,stackchaser02,30.95332565545782,"[""pickel""]",5160745
368,openmik,30.877968257735006,"[""buddy""]",1452122
369,TeamDuck,30.84787669284667,"[""sora""]",1853450
370,StarStriker,30.802794321313073,"[""ness""]",3755381
371,jondude,30.667942133233392,"[""gekkouga""]",617151
372,4eyez95!,30.623122725557867,"[""buddy""]",4275401
373,Foggy90,30.58582325867269,"[""falco""]",4288610
374,Rosbrac,30.578368818831034,"[""kamui""]",710859
375,GucciPoochie,30.548569223151333,"[""robot""]",1626751
376,King Richard,30.31121554752858,"[""dedede""]",248432
377,Deva,30.26691747493983,"[""younglink""]",3322688
378,Stealth,30.19323117178163,"[""toonlink""]",1955698
379,duboiswlf,30.19323117178163,"[""wolf""]",1612541
380,Chrizmo,30.178515452293677,"[""lucas""]",1040142
381,Yayzors,30.14910552647258,"[""lucas""]",285091
382,Gex,29.99517298531508,"[""roy""]",2774052
383,(Live)(Laugh)Love,29.82748183118642,"[""random""]",558090
384,Spence,29.798413998824948,"[""koopa"", ""luigi"", ""random""]",160214
385,Fragon,29.783890707193866,"[""fox""]",2319373
386,Jon Z,29.394426212262463,"[""demon""]",3947252
387,BigDaddyNomNom,29.394426212262463,"[""dedede""]",2344834
388,Carson14,29.394426212262463,"[""miifighter""]",1824715
389,Jinjo,29.358623317928696,"[""dolly""]",429067
390,Wii Lad (Hivan),29.27287419314385,"[""wiifit""]",1258910
391,Saxpro1O5,29.265739747952704,"[""jack""]",2311338
392,Feint,29.222969577232057,"[""wiifit""]",471034
393,Combover,29.151824816711475,"[""mario""]",44626
394,EAiscool,29.151824816711475,"[""link""]",1111410
395,D5,29.09503373645838,"[""gaogaen""]",1545410
396,pao,29.0383532917081,"[""tantan""]",1033692
397,Monokrome,28.9253234470135,"[""master""]",1584343
398,StellarCosmo,28.422109000057084,"[""koopajr""]",2774716
399,Brogie,28.31837965879827,"[""dolly""]",2995311
400,Dr Shmunguss,28.208152263233433,"[""palutena""]",3718800
401,Horus,28.187532442647043,"[""jack""]",2711979
402,Gregish,28.173794270070434,"[""paisy""]",1264203
403,bob,28.077814361104654,"[""koopa""]",3130245
404,Sparkadill0,28.050451635496625,"[""metaknight""]",3686307
405,B0SS,28.050451635496625,"[""pichu""]",2370834
406,Koolkid,28.023115575737407,"[""cloud""]",2757960
407,ArtistGlitch,27.846079375062168,"[""inkling""]",1199080
408,Bravo,27.737690376708894,"[""yoshi""]",1097775
409,Mbers7,27.48195437385778,"[""younglink""]",1856501
410,Lmn-Lime,27.415048200705236,"[""littlemac""]",2974942
411,Bogland,27.215305414260843,"[""wario""]",2523793
412,トール,27.17553183365747,"[""zelda""]",989752
413,Xeyanoro,27.162286894713223,"[""luigi""]",1145679
414,DREAMY,27.09615896780256,"[""wolf""]",229261
415,LeshenLord,27.01701793004479,"[""edge""]",2425656
416,Arth,26.964385697136173,"[""luigi""]",1282547
417,FI3RCE,26.885629535825352,"[""captain""]",2737708
418,komayto,26.865976463472094,"[""lucario""]",2666642
419,ReTro,26.754880105912786,"[""robot""]",1000568
420,BrenX1,26.728806621930076,"[""sora""]",1164944
421,Devstar2000,26.702758547389088,"[""younglink""]",3189229
422,Chicentend,26.521131412974068,"[""koopa""]",2391335
423,Gramer,26.32790159811826,"[""mewtwo""]",3191111
424,ImSoChove,26.28942490640413,"[""wario""]",1101104
425,BaeBlade,26.263805023358557,"[""kamui""]",2629808
426,Wesyeedah,26.251004446129475,"[""koopa""]",1887777
427,S7even,26.21264013511533,"[""pickel""]",2762721
428,Chey,26.00897539263924,"[""packun""]",2329616
429,Cooolth,25.958306941586486,"[""lucina""]",2278675
430,AConfusedRobot,25.933009743558294,"[""master""]",1679470
431,Mikito,25.920370390893684,"[""rockman""]",3444111
432,Kael4king,25.79431518183801,"[""random""]",1545749
433,Bladesi,25.74406491336337,"[""lucina""]",1389959
434,Fichu,25.618867108098332,"[""demon""]",2995605
435,Chronicler,25.56272691322386,"[""pikachu""]",1063384
436,Hunts,25.469433174061773,"[""luigi""]",2683083
437,ShakeNBake,25.43841098577046,"[""wolf""]",2145747
438,Taiga,25.39504339155081,"[""gaogaen""]",2022209
439,Matty,25.296194886550385,"[""mewtwo""]",2305137
440,Happylion,25.25922597398578,"[""gaogaen""]",652982
441,Dongzuya Mishikong,25.136386023679595,"[""donkey""]",2004882
442,FatUncleBen,25.118011627329142,"[""krool""]",2551933
443,Gamecaptain,25.099650662441782,"[""littlemac""]",3662000
444,Plural,25.062968987790576,"[""gaogaen""]",3988183
445,DuckDog59,24.953245299331627,"[""duckhunt""]",1846925
446,PlupFan,24.77143891655858,"[""purin""]",2109243
447,Davy Jones,24.650971158415217,"[""shulk""]",1302508
448,Vanbro,24.638956651766065,"[""diddy"", ""falco""]",151166
449,spiddyjj,24.626948000803864,"[""robot""]",3395439
450,blue crow,24.495238500315654,"[""master""]",2475792
451,TV12,24.304917479031953,"[""fox""]",1753116
452,Juy,24.222117706140295,"[""szerosuit""]",3629824
453,Aquatic,24.127834735787392,"[""paisy""]",266906
454,understoodtheassignment9,24.045638232210937,"[""donkey""]",3022896
455,iRush,23.90538088584595,"[""falco""]",3923964
456,boring,23.852995558430138,"[""ptrainer"", ""koopajr""]",3545820
457,Strawberry,23.777530460557674,"[""samusBoth""]",1840066
458,Branman,23.673434319918933,"[""chrom""]",1617066
459,PZZ,23.60429019651772,"[""yoshi""]",4361208
460,Caden,23.558306346542768,"[""captain""]",2098980
461,Minuet,23.546824388025826,"[""lucas""]",970395
462,scrambled egg wiener dog,23.432312140474277,"[""captain""]",2684761
463,ArgentxGarnet,23.40947660494379,"[""link""]",707549
464,LazySonar,23.369567953304127,"[""inkling""]",3294103
465,asdagigafo,23.007828974417652,"[""metaknight""]",2435066
466,MKLiam,22.95741050755836,"[""gekkouga""]",544644
467,Ryno,22.868050325243875,"[""shizue""]",1725330
468,Infern0,22.690372092283972,"[""gamewatch""]",3003202
469,TomboyTuesday,22.64616865903177,"[""diddy""]",4619197
470,nightrider,22.613072605145653,"[""gamewatch""]",4586707
471,ThisIsTheRun,22.58002491921083,"[""belmont""]",545910
472,ZARK,22.525052735046575,"[""yoshi""]",2373120
473,Hyper Shot,22.514074368550645,"[""bayonetta""]",2382954
474,Praxis,22.49213368501515,"[""szerosuit""]",1095814
475,Solar,22.448316442794457,"[""yoshi""]",3899270
476,Yushidofu,22.404584561560092,"[""ken""]",3998218
477,xInferno,22.36638905742781,"[""lucina""]",1117331
478,Emery,22.21967251591835,"[""donkey""]",1012439
479,Bread,22.176386059136217,"[""jack""]",2470905
480,Smugleaf,22.079299601570742,"[""tantan""]",3058341
481,MSG,22.041658645682787,"[""luigi""]",1438252
482,Nully,22.02017834633644,"[""sheik""]",1629567
483,Juan,21.99335740712669,"[""donkey""]",890225
484,Diagon,21.865070941290732,"[""ike""]",557800
485,Callus<3,21.811839347842554,"[""szerosuit""]",1116042
486,starstriker,21.790583014731805,"[""mario""]",390301
487,Kenji,21.75873734933366,"[""cloud""]",1926556
488,Kiwi,21.573896366517985,"[""master""]",63587
489,FutureHusband,21.568638332060186,"[""roy""]",4517880
490,Poo,21.547619006095964,"[""diddy""]",2154549
491,Taima,21.49516026503866,"[""lucas""]",2374471
492,Sir Norf,21.380200148124064,"[""luigi""]",3676935
493,Calf Daddy,21.380200148124064,"[""captain""]",1122363
494,Meebas,21.317753982628727,"[""brave""]",4091190
495,ryffboit,21.239952698504066,"[""packun""]",1594000
496,Deldren,21.224426548126697,"[""kirby""]",1415407
497,Stars,21.121208519785913,"[""eflame_first"", ""pitBoth"", ""brave"", ""miigunner""]",989865
498,Joey,21.116060815342514,"[""jack"", ""sora""]",2800371
499,DukePaulus,20.834860720209416,"[""captain""]",2385253
500,Penalty,20.804411787169663,"[""mario""]",1692949
501,Luz_FGC,20.768944269608554,"[""littlemac"", ""captain""]",2722302
502,IDC,20.763882419733758,"[""cloud""]",2476228
503,txck,20.70828342817405,"[""shulk""]",3023256
504,scrabblepurse,20.6125992375355,"[""pitBoth""]",255743
505,Chepp G,20.602552971649903,"[""fox""]",1086320
506,TVDinner,20.58749275281909,"[""diddy""]",3031650
507,Cain,20.56742958451448,"[""marth""]",2970825
508,Slaine,20.49236668463662,"[""link""]",173010
509,Zquiddo,20.3927087890309,"[""captain""]",1904176
510,Pegasus,20.382769694389733,"[""ptrainer""]",2498361
511,Ptooie,20.36290603523499,"[""packun""]",1022167
512,googoos,20.348020995437064,"[""gekkouga""]",3443550
513,KORCAmeep,20.32323677136886,"[""falco""]",2141731
514,Estrogen Burger,20.308380729326483,"[""duckhunt""]",3010426
515,Selké,20.308380729326483,"[""ice_climber""]",2004154
516,Bowandarrow,20.283644787754042,"[""demon""]",3473521
517,ballington,20.24412993383978,"[""pacman""]",4436536
518,Dale,20.234263254262192,"[""roy""]",291101
519,saturniid,20.111334750757923,"[""ice_climber""]",2663181
520,Cozy,20.086838814426564,"[""szerosuit""]",1880793
521,Thanos Throbber,19.882247360240605,"[""pickel""]",2236692
522,Frospher,19.824176336560985,"[""lucas""]",692316
523,BAM,19.804857044449204,"[""pacman""]",1969772
524,5hyguy,19.756641143329098,"[""cloud""]",2662207
525,shimokia,19.708542626197957,"[""younglink""]",2419129
526,KMW,19.574488831181238,"[""brave""]",4521512
527,Rhys,19.51731669244681,"[""jack""]",1534266
528,Amami,19.412934450995355,"[""zelda""]",1514336
529,april,19.262101483568674,"[""metaknight""]",202478
530,GOJI,19.159084180544717,"[""yoshi""]",2329763
531,Oblitorate,19.038046551357,"[""demon""]",2787643
532,No Johns,19.000958264899527,"[""palutena""]",3297823
533,3verestcollege,18.89933760440252,"[""captain""]",4395669
534,Tobbz,18.89933760440252,"[""mewtwo""]",2997757
535,MatsuKatsu,18.839544679922767,"[""random""]",3858076
536,HUGE T,18.798260430107412,"[""donkey""]",3057993
537,Joel?,18.725089460817284,"[""purin""]",1289001
538,Toucan,18.525334530719473,"[""lucas""]",284137
539,Dro,18.47122670675398,"[""lucina""]",1478310
540,Sandwich,18.4622241131174,"[""ridley""]",1401371
541,Tiernan,18.3993286943216,"[""jack""]",284892
542,N1SVoid,18.381397961681238,"[""miiswordsman""]",3971004
543,ToonCrow,18.35006121629891,"[""toonlink""]",2370790
544,bees?,18.265273369844163,"[""samusBoth""]",2905772
545,Tango Down,18.194177016977378,"[""kirby""]",63427
546,Bun,18.105695612086773,"[""tantan""]",3309263
547,Pie,18.05281344743128,"[""cloud""]",49630
548,JunDLTA,17.982544080578226,"[""palutena""]",325406
549,Purpopsikle,17.877652545187217,"[""ness"", ""rockman""]",1115865
550,SUPER NETURTLE MASTER,17.816748591415124,"[""zelda""]",2571896
551,Fingwo,17.79938560166584,"[""captain""]",1633196
552,Lunacom,17.64387815393924,"[""jack""]",3863580
553,Knn,17.592344841456335,"[""ptrainer""]",3794068
554,jinzo,17.528139812139244,"[""gaogaen""]",3992259
555,Swingh,17.43864624156955,"[""jack""]",2387907
556,JDKD,17.43864624156955,"[""jack""]",1073514
557,El Conquistador,17.370767479417722,"[""toonlink""]",370967
558,minty,17.370767479417722,"[""random""]",329239
559,Benny D.,17.311590335389546,"[""lucina""]",220835
560,TopherB123,17.2778653825872,"[""wiifit""]",3863411
561,Mid,17.219004728936962,"[""koopajr""]",3400948
562,ugly loser,17.21061244915707,"[""samusBoth"", ""miigunner""]",4997295
563,BlackBolt,17.193840158410506,"[""murabito""]",1078877
564,VasserDrachen,17.172897778452555,"[""ness""]",2971058
565,Kintsugi,17.060248921130036,"[""reflet""]",1059665
566,RexSoju,17.02286375124731,"[""pickel""]",3959515
567,taiden,16.927695649685806,"[""pikachu"", ""brave""]",2636618
568,Skribblz,16.88648433986394,"[""jack""]",3198316
569,Ro,16.874140522581133,"[""pickel""]",174759
570,PlasticSprinkles,16.861805728480533,"[""fox""]",4314099
571,staples,16.77980387379614,"[""lucina""]",46031
572,Mute the Annette Enjoyer,16.681927878942698,"[""donkey""]",1565080
573,stupid ugly,16.633204180291962,"[""miigunner""]",2840280
574,WilloTillo,16.612944664171508,"[""ptrainer""]",622432
575,mellowo,16.560385332914322,"[""pacman""]",2487567
576,Berserk,16.455764999278205,"[""mariod""]",3391891
577,kangaroo,16.367756505975038,"[""robot""]",4436967
578,Boomer Aang,16.343835985048393,"[""link""]",1572699
579,gone4food,16.244542856659447,"[""zelda""]",4463433
580,Tetn,16.208945193508633,"[""ike""]",2900832
581,Marioman,16.090848743173282,"[""roy""]",2788231
582,Guiop,16.039941196895494,"[""yoshi""]",4120119
583,Bon,16.012596184601954,"[""demon""]",4120557
584,CROWNED,15.981401820588802,"[""dedede""]",4538189
585,Grunch,15.973612729554528,"[""wolf""]",1576796
586,FISH,15.94249430975887,"[""falco""]",2292284
587,Patch,15.872699335358401,"[""koopa""]",2889763
588,Lacha,15.872699335358401,"[""rockman""]",285558
589,Lord Donut,15.837916515723522,"[""miiswordsman""]",3391451
590,Red Reality,15.818625673052034,"[""mario"", ""brave""]",2574381
591,Kyo,15.787809185722676,"[""koopa""]",4449159
592,GoobSlammer420,15.730189990512649,"[""palutena""]",3218336
593,Ky,15.653691377343286,"[""donkey""]",2086700
594,Tito,15.59656165854454,"[""paisy""]",1519363
595,Momotairo,15.520712902883695,"[""eflame_first""]",2119088
596,Fruiticana,15.49047678361518,"[""demon""]",3248492
597,Paraflex,15.475380819936655,"[""brave""]",1479733
598,Woodstock,15.40763083131011,"[""krool""]",4330161
599,Mongodabongo,15.38511347802496,"[""pacman""]",329932
600,Krunk,15.362629032537548,"[""donkey""]",1643422
601,B33,15.340177446755042,"[""pikachu""]",1068065
602,Sapling,15.317758672654904,"[""ryu""]",2674193
603,jacob2,15.246981809566606,"[""mario""]",4338333
604,Salcoon,15.243265783756055,"[""pitBoth""]",1283820
605,Johm,15.198744053780327,"[""captain""]",3202674
606,ASSY,15.19133641818174,"[""ice_climber""]",2869608
607,Kenshiro,15.176531976330104,"[""belmont"", ""littlemac""]",408917
608,Orni,15.16913516655864,"[""ganon""]",1238289
609,SaltySalt,15.117458342400008,"[""mariod""]",4404725
610,mokebone,15.110090324215012,"[""szerosuit""]",2694652
611,Re:Cupid,15.102725897089488,"[""captain"", ""cloud""]",2485912
612,Butterman,15.080654144571739,"[""bayonetta""]",3096629
613,Operon,15.010972840897866,"[""mario""]",1706044
614,Steve,14.981729753418973,"[""pikachu""]",3065446
615,TheTheThe,14.92705242605257,"[""wolf""]",4722047
616,AGuyNamedJu5tin,14.796639619857771,"[""littlemac""]",2868024
617,Cyrrona,14.667366187970382,"[""rosetta""]",33059
618,Blob,14.596036269329627,"[""luigi""]",2146572
619,Marathon,14.592478893306883,"[""reflet""]",40083
620,KyuSweliph,14.588922384295152,"[""captain""]",1460092
621,wagabooga,14.493223600236714,"[""snake""]",136359
622,SeinGreif,14.293249340113643,,4847800
623,Madss,14.251502368262347,"[""cloud""]",2928020
624,Mythic,14.230674629255377,"[""diddy""]",5125474
625,SMG,14.213341433622631,"[""robot""]",4677375
626,Prabh,14.182194866737605,"[""ganon""]",2248646
627,cyconic,14.102907821903925,"[""paisy""]",4423134
628,Kipuru,13.993332247871445,"[""ken""]",2882870
629,Tuckobell,13.97628813916083,"[""buddy""]",4553000
630,Laz,13.925280271943251,"[""snake""]",3338226
631,Elinical,13.840680509490968,"[""dolly""]",3194860
632,Yoshapappy,13.827192324900139,"[""pikachu""]",2398163
633,Klitch,13.803619623512512,"[""lucina""]",1036210
634,Storm315,13.790167555937089,"[""gaogaen""]",2384735
635,Monty Mole Enthusiast,13.790167555937089,"[""palutena"", ""gamewatch"", ""robot""]",1808917
636,Yuno,13.780087109043357,"[""eflame_first""]",1682567
637,Selké Gorium,13.773370905161023,"[""ice_climber""]",5039223
638,SMASHBOMB TV,13.72644904320104,"[""kirby""]",1330938
639,Freestyle,13.6530374395018,"[""dolly""]",4505789
640,Iceberg,13.643057233076552,"[""link""]",1635026
641,MrDadGuy,13.599893905986175,"[""dolly""]",3031484
642,Shotgun doggy,13.573399761242083,"[""donkey""]",1836958
643,spheal,13.513976494690668,"[""mariod""]",2781173
644,rlybad,13.49422660670661,"[""snake""]",2381848
645,Triple D,13.41878572043934,"[""dedede""]",1720457
646,ChubbyBubbers,13.40244141884396,"[""mario""]",5005081
647,PIE22,13.382854532864167,"[""koopa""]",3149636
648,REPLICAMODEL,13.379592835993003,"[""reflet""]",758516
649,Nova,13.379592835993003,"[""koopa""]",1067500
650,Hachiman,13.369812514289451,"[""chrom""]",499901
651,Zug,13.35352786286422,"[""demon""]",2443385
652,Hircine,13.337263046412124,"[""falco""]",3289295
653,Festaa_,13.285348643565548,"[""diddy"", ""link"", ""random""]",3655156
654,Az/あじぃ,13.275637213234996,"[""gekkouga""]",4347959
655,PurrfectSombrero,13.265932881843401,"[""dolly""]",4335470
656,WizardOfOddz,13.198200896974598,"[""littlemac""]",4816730
657,redbebber,13.156444987533751,"[""inkling"", ""marth""]",1872443
658,Subleaf,13.1372176109822,"[""wiifit""]",2966086
659,gravy_,13.134015781247568,"[""lucina""]",1845310
660,[Delta],13.130814731869478,"[""kirby""]",1069693
661,Jumbuk,13.118018334119384,"[""gaogaen""]",2342974
662,Short Stuff,13.016095070684504,"[""pikachu""]",2219372
663,_RYDERBOY,12.940172654443414,"[""snake""]",2420375
664,Doopy,12.839631201248363,"[""robot""]",4301944
665,[INSERT SUIT COLOUR],12.817742101485916,"[""krool""]",3762630
666,Drawn,12.739870926487368,"[""shizue""]",3428712
667,Dark V0id,12.72745551594437,,1465713
668,mauri,12.708855082470123,"[""palutena""]",1447465
669,hollowcafe,12.690281832443896,"[""jack""]",4075478
670,River!!,12.64704973940906,"[""wiifit""]",4522139
671,cerati,12.634724786073306,"[""chrom""]",3061610
672,PaulBenis,12.585544966336881,"[""falco""]",1487940
673,Farmerfred,12.567151926849121,"[""roy""]",2315202
674,Swagna,12.506035710549607,"[""jack""]",2582628
675,Hunter Simmons,12.445216712897286,"[""ridley""]",3969554
676,LaVomba,12.43611940891991,"[""yoshi""]",2470917
677,Tom,12.433088452283128,"[""demon""]",3755094
678,Malortt,12.360566692760754,"[""wolf""]",1801356
679,Foley,12.35454234143751,"[""diddy""]",1313824
680,Eel,12.330474283605309,"[""paisy""]",3443620
681,FangWho,12.288467950063556,"[""jack""]",2985186
682,Wheo,12.288467950063556,"[""jack""]",2650969
683,aik,12.276492446118118,"[""donkey""]",3914952
684,LeafBlade,12.255563389537436,"[""ptrainer""]",982539
685,sidepugsbtw,12.240635911863,"[""ganon""]",4335804
686,Doctr Strange,12.187047379634956,"[""demon"", ""master""]",4351303
687,Nitro Charge,12.187047379634956,"[""krool""]",3499477
688,ShrektPHD,12.18110759897337,"[""sheik""]",3647306
689,Edubzz,12.163305621095425,"[""pikachu""]",2499257
690,backwoods,12.133693453746568,"[""ptrainer""]",2763665
691,Pork the Mute Enjoyer,12.101203329487255,"[""ptrainer""]",1204469
692,$hmunny,12.068800203319528,"[""miigunner"", ""buddy""]",3057237
693,Go1ng_Astral,12.057038772599368,"[""zelda""]",4972518
694,Joaquín,12.051162356146177,"[""falco""]",1839632
695,Rat Smacker,12.02768531713356,"[""krool""]",3023231
696,King of Knights,12.004254014071094,"[""ike""]",1063583
697,Saberius,11.957528259574802,"[""fox""]",2389616
698,ALLMANDO,11.937142975536373,"[""mewtwo""]",1716415
699,Envii,11.925509848983763,"[""roy""]",1736175
700,Jude,11.905179150172328,"[""littlemac""]",3262805
701,NOT SPARGO,11.89357717338699,"[""ryu""]",4519817
702,Matthew,11.876195404446038,"[""paisy""]",2770910
703,Nel,11.870407128287003,"[""cloud""]",2339323
704,Wolphira,11.835736666696631,"[""pikachu""]",4516107
705,SuperSonic,11.832852036578378,"[""pikmin""]",2983809
706,Ruby | SadEgg,11.75523221504427,"[""dedede""]",1165074
707,Big Red,11.743776366329618,"[""ice_climber""]",2749658
708,Jimmy Neutral,11.720898150290386,"[""roy""]",4366569
709,Forth,11.709475761216884,"[""szerosuit""]",2986658
710,Sv_typo,11.615664788206798,"[""littlemac"", ""dolly""]",3583697
711,PROJEKT MUTE,11.559175817134362,"[""koopa"", ""palutena"", ""gaogaen"", ""random""]",575201
712,ash,11.533845486162894,"[""donkey""]",2648839
713,Barberik,11.511376239426205,"[""donkey""]",2411194
714,Retr0,11.458187054411153,"[""dolly""]",4580475
715,Endless Blaze,11.42193612712682,"[""cloud""]",4968073
716,Mr Cow,11.256104708744353,"[""captain""]",4880084
717,schloctopus,11.256104708744353,"[""littlemac""]",4513966
718,Pockets,11.21775843933888,"[""shulk""]",4305873
719,WomenSlayer69,11.212291075295008,"[""mewtwo"", ""donkey""]",2496271
720,gabemode,11.206826375960826,"[""master""]",2793266
721,Ex Bisexual,11.18499419975569,"[""szerosuit""]",2562400
722,Pitchfork,11.054891411160586,"[""falco""]",2994793
723,Flare2V,11.054891411160586,"[""ridley""]",2768351
724,Dr. Pepsi,11.033355221598944,"[""marth""]",2639373
725,Mr.5fthuck,11.022602865037932,"[""ganon""]",4373857
726,Tylia,11.017230616838788,"[""rosetta""]",1514033
727,Solace,11.011860986991323,"[""diddy""]",4826878
728,OliOllie,10.952967505346953,"[""metaknight""]",2073030
729,Kirbroski,10.936960382542747,"[""demon""]",4553219
730,Carfrogs,10.934294804031662,"[""wiifit"", ""snake""]",2389080
731,Liber8er,10.931629875180864,"[""gaogaen"", ""jack""]",4727203
732,spaghett,10.873165484451853,"[""littlemac""]",3117126
733,jayjac,10.851983317725924,"[""eflame_first""]",3723815
734,Fungii,10.80710812696065,"[""ness""]",3333346
735,Kelpy G.,10.799208260689502,"[""falco""]",2687701
736,A3S,10.796576255409278,"[""random""]",993690
737,ImmortalMonkey,10.77291705563287,"[""master"", ""diddy""]",2405243
738,D0PXMINE (He/Him),10.767666500481763,"[""koopa""]",1441130
739,TjGucci,10.74145208539579,"[""wolf""]",4274898
740,jayross,10.733600212902642,"[""wolf"", ""edge""]",2668447
741,Diotama,10.723139977157983,"[""luigi""]",3482158
742,SLIP,10.699641702802454,"[""diddy""]",490603
743,dchu,10.68921456070896,"[""rockman""]",19587
744,Geb,10.621685383629563,"[""szerosuit""]",4125924
745,HogwashMan,10.570030304964972,"[""donkey""]",3936339
746,ConMan,10.536589290417124,"[""eflame_first""]",4577537
747,JDM,10.462370862338823,"[""ridley""]",2953659
748,Krispy,10.295402911777643,"[""palutena""]",4976343
749,Wolfseggs,10.292893694974737,"[""kirby"", ""reflet""]",4559615
750,NinjaDX,10.202968027648504,"[""edge""]",2752455
751,Woke,10.190540644866925,"[""roy""]",1792742
752,Calcium,10.113828011654514,"[""littlemac""]",4169697
753,fxviridis,10.103971763686971,"[""diddy""]",2483555
754,Shulguin,10.096585881654251,"[""inkling""]",4351330
755,Joel,10.094125120947428,"[""belmont"", ""ganon""]",3690976
756,Jae,10.094125120947428,"[""gaogaen""]",2385172
757,Ruinseeker,10.07691658058331,"[""koopajr""]",130110
758,Blanco Berry,10.067096303982597,"[""robot""]",3150917
759,RyanC,9.988877835119329,,3845079
760,PD,9.988877835119329,"[""palutena""]",2405369
761,RooftopKorean,9.988877835119329,"[""demon""]",1331281
762,Dreamliner,9.986443325239449,"[""paisy""]",4406195
763,Cactx,9.974279673104794,"[""pikmin""]",1789690
764,Shock,9.95970284545211,"[""roy""]",3069151
765,LordChafe,9.91126710146456,"[""ganon"", ""random""]",328545
766,Leviathan,9.882318793151327,"[""ryu""]",4083129
767,Whip,9.839054786040279,"[""sora""]",1762862
768,Shuke,9.805535992880188,"[""mewtwo""]",2188623
769,Kannyobi,9.719868211420286,"[""tantan""]",2648437
770,Cepto,9.660817440039372,"[""jack""]",1782187
771,Master Reese,9.574080034197662,"[""koopa""]",3670874
772,Petee,9.529842272899952,"[""packun""]",1876859
773,Luka,9.527519640112764,"[""falco""]",2437712
774,Iristari,9.527519640112764,"[""miiswordsman""]",1243961
775,Rocketparty,9.518234768352992,"[""luigi""]",2777407
776,albanian alien,9.49506215643265,"[""ridley""]",1572832
777,El Chivo,9.483497014639289,"[""diddy""]",2254145
778,MRB,9.425882260825544,"[""sonic""]",3264414
779,StrikerZ,9.421288229849278,"[""sora""]",4529162
780,*ucker,9.391481556863125,"[""mewtwo""]",2519110
781,meliflu0us,9.361769184967525,"[""fox""]",1400694
782,Ticolol,9.31624129497423,"[""link""]",3222083
783,Torrent,9.279978449897236,"[""samusBoth""]",2310516
784,Accele,9.163096183022958,"[""dolly""]",3122003
785,Jambin,9.163096183022958,"[""sheik""]",2704322
786,kirbypoyo345,9.138560361780947,"[""jack""]",2844545
787,Lukasreppa,9.136333093027051,"[""rockman"", ""ryu""]",3476279
788,EF,9.091901537432909,"[""pitBoth""]",1231941
789,soren,9.08747028355764,"[""robot""]",1567656
790,Stu,9.067556352528518,"[""kamui""]",4580877
791,[Redacted],9.065346389018003,"[""donkey""]",1787341
792,Wook,9.041072310250835,"[""ness""]",1182223
793,GundyBuckets,9.034463394955486,"[""toonlink""]",3655021
794,Arkuris,9.021260053946525,"[""marth""]",3581496
795,Spyke,9.008076008849915,"[""cloud""]",1787506
796,SoniCBPrO,8.977388118287562,"[""link""]",3599178
797,Pneuma,8.977388118287562,"[""eflame_first""]",2206061
798,Chuckles,8.973012676502892,"[""lucas""]",3420237
799,VaanJYgi,8.933729539379977,"[""kamui""]",4131473
800,Lil B,8.920673415022206,"[""ridley""]",4525301
801,GURBO STANKUS,8.898955595684347,"[""jack""]",2720092
802,GoodMeyers,8.872963993640694,"[""mewtwo""]",2229091
803,Boo,8.868639446578664,"[""shizue""]",4731348
804,Allkeria,8.855678447592927,"[""edge""]",3794571
805,Jkami,8.840581220424543,"[""pikachu""]",3238920
806,HunterBot,8.786872350184069,,4954480
807,T.Poe,8.77830926283052,"[""link""]",3229756
808,Balmius,8.754803777066993,"[""inkling""]",2681970
809,Quickbick,8.74627194156074,"[""snake""]",2045365
810,NaaaF,8.731361231426035,"[""miiswordsman""]",945865
811,Bullets,8.710104301934772,"[""master""]",257688
812,Brick,8.701616027492681,"[""packun""]",4384973
813,Wertix,8.684664286829584,"[""snake""]",1964247
814,Mr.TNO,8.621388853889043,"[""sora""]",4561632
815,Cinsearity,8.604593404912084,"[""lucas""]",3838386
816,ak,8.600399657574009,"[""gamewatch""]",4527573
817,Mega,8.594112868696255,"[""paisy""]",3830568
818,Paschi,8.521105678822378,"[""pacman""]",371125
819,halite,8.510726832029361,"[""eflame_first""]",4837814
820,Spock,8.508652580156472,"[""yoshi""]",1428368
821,SS.Prototype,8.475533220045582,"[""falco""]",4317249
822,Q,8.413781491229349,"[""lucario""]",3645891
823,andypokes,8.387162325424457,"[""pikachu""]",3817914
824,Eibon,8.376946623837737,"[""gaogaen""]",562337
825,Biggiecheese,8.344339920337864,"[""mario""]",3631892
826,CakeTheDog,8.31591318525716,"[""jack""]",3303667
827,Flynn M.,8.291624502858792,"[""falco""]",2764253
828,SusieWithASideOfPancakes,8.26740676156809,"[""ganon"", ""rosetta""]",2564719
829,DrowZ#8057,8.265391812163937,"[""pitBoth""]",4561441
830,Scalie,8.223191131809038,"[""pitBoth"", ""ganon""]",1121265
831,Big Barry,8.203171367484904,"[""krool""]",3627063
832,Joey Jojo Jr. Shabadoo,8.187190653879846,"[""ptrainer""]",3678631
833,BetaCamel,8.161288366576679,"[""luigi""]",4463428
834,ashl3y,8.139435064104768,"[""wolf""]",2745681
835,Leppy,8.08013210655076,"[""metaknight"", ""koopa""]",4498915
836,Griffers,8.076193973635172,"[""donkey""]",3983058
837,UR2L8,8.076193973635172,"[""eflame_first""]",2768189
838,killerkingMC,8.042797244704317,"[""demon"", ""dolly""]",4136801
839,sack,8.0271289581852,"[""luigi"", ""ganon""]",2156593
840,Scoliatic,8.019306264998391,"[""gaogaen"", ""wolf""]",3184428
841,MEMENTO VIVERE,7.9803070025468426,"[""tantan""]",3199501
842,Nero,7.97252993884914,"[""kirby""]",2136931
843,MissingDigits,7.966702115196438,"[""szerosuit""]",2645740
844,Gabs,7.958938309895374,"[""falco""]",4581044
845,lellelyep,7.955059244984303,"[""edge""]",4073911
846,CsL,7.939561882097401,"[""gaogaen""]",1449941
847,Renado,7.900950430263755,"[""shulk""]",3258634
848,Blue Drew,7.872115118167521,"[""sonic""]",3217516
849,Entropy,7.833831671520495,"[""yoshi""]",5032548
850,TDawgEe,7.818570473775801,"[""ptrainer""]",4437570
851,p0shi,7.816664915676169,"[""yoshi""]",2480086
852,Ahsid786,7.81285519264335,"[""cloud""]",4891358
853,Bucknastinator,7.81285519264335,"[""lucina""]",2099152
854,Poyo,7.810951027483809,"[""demon""]",4324909
855,Nische,7.771070589257817,"[""edge""]",4960980
856,MaqiKO,7.767283088202964,"[""palutena""]",3673029
857,LeeWillin,7.729509457706464,"[""eflame_first""]",3869513
858,Thiccboii,7.699422859999168,"[""donkey""]",3194189
859,Citron,7.684423505952074,"[""gaogaen""]",4363327
860,Momonokill,7.654512402291342,"[""gamewatch""]",1355087
861,Ka0,7.650781709915682,"[""krool""]",3031578
862,Lay0r,7.622859413689072,"[""wolf""]",3220233
863,Liyvol,7.593187944132841,"[""link""]",3333354
864,sera,7.591337316727551,"[""jack""]",3589825
865,Oman,7.565475842138661,"[""buddy""]",3926158
866,Jp,7.5617885448218445,"[""samusBoth""]",2528340
867,Terri~,7.52501426955195,"[""bayonetta""]",264080
868,Dylf,7.5140169003497395,"[""duckhunt""]",3327280
869,Drampa,7.48294488964494,"[""mewtwo""]",2019040
870,Ozempic,7.448369376525179,"[""pickel""]",4415461
871,RosieRocks,7.397706970859411,"[""fox""]",4715701
872,MuteD,7.345598440515495,"[""pichu""]",4853381
873,Sink,7.336651380862588,"[""lucas""]",5012366
874,E.Bluemage,7.322358747040205,"[""lucina""]",769174
875,DreadDelta,7.29385695619615,"[""wolf""]",3154386
876,Joe Kidd,7.2831974099172845,"[""pitBoth""]",1619748
877,Morsicarius,7.281422334043475,"[""cloud""]",4272699
878,et,7.279647690794813,"[""ptrainer""]",3997486
879,Hunkytaco,7.251312149875664,"[""eflame_first""]",1492800
880,Bandit,7.237185766610362,"[""packun""]",3458646
881,Cosmo,7.226609041967801,"[""kamui"", ""sheik""]",3209221
882,Mysterion5,7.224847757927582,"[""krool""]",3056603
883,Makbeth,7.205501941890237,"[""koopa"", ""donkey"", ""falco""]",4832799
884,MewBlaster,7.205501941890237,"[""mewtwo""]",4130795
885,DAICHI,7.20199009035161,"[""lucario""]",4686035
886,MYLE_MAN,7.182705479788317,"[""pitBoth""]",4308038
887,1212beboop,7.121688228702271,"[""gaogaen""]",3682590
888,Reii,7.107814367622335,"[""master""]",2960881
889,zeldamain444,7.031989845388483,"[""jack""]",3638144
890,Malouigi,7.021713002609748,"[""luigi""]",4403533
891,Ddef1,6.960366577955499,"[""pitBoth""]",2753171
892,AngelAzriel,6.956974201647322,"[""ness""]",4513939
893,JayHawK,6.92651712091238,"[""gekkouga""]",4743720
894,snail,6.919767009063881,"[""master""]",3393867
895,Nebu1a,6.906286513554071,,4036451
896,萝卜,6.862656007094866,"[""eflame_first""]",3999575
897,Guerilla,6.849286770331861,,3346795
898,Rust13,6.8226263804625615,"[""palutena""]",4147272
899,caswader,6.809335125978637,"[""pitBoth""]",2682165
900,Nathiccc,6.809335125978637,"[""purin""]",1722878
901,Salandit,6.802699211721601,"[""zelda""]",3605461
902,kipper,6.796069764374654,"[""roy""]",2012222
903,porselain,6.7944134122539435,"[""chrom""]",2681963
904,Bochito,6.726849425191963,"[""ice_climber""]",3341859
905,Cadence,6.689242269390182,"[""donkey"", ""robot"", ""fox""]",151454
906,Skrattzle,6.677838398899288,"[""cloud"", ""eflame_first""]",4664958
907,LSR,6.674583722508248,"[""palutena""]",4552970
908,SasukeUchihaFan87.2,6.671330632396746,"[""captain""]",4075518
909,Clover,6.651845360329201,"[""inkling""]",5010902
910,Zttack,6.632416999820756,"[""krool""]",3864028
911,RaffroSamurai,6.598553812672395,"[""yoshi""]",1806834
912,jojo558,6.587304548544042,"[""koopa""]",1457257
913,SmashProsJ,6.5808850101661545,,4740032
914,NobodyPickedThis,6.57447172783316,"[""falco""]",3416972
915,Towel,6.561663906920934,"[""gaogaen""]",4530973
916,Perfect Sunset,6.540904392346379,"[""gaogaen""]",25996
917,Charey,6.494831073093824,"[""ptrainer""]",246349
918,Kidslasher3,6.485339256512717,"[""ptrainer""]",4571738
919,Baconultimate,6.477440006687501,"[""brave""]",3685889
920,Miro,6.47586131166761,"[""palutena"", ""gekkouga""]",4186218
921,MasterNik,6.471127534809669,"[""eflame_first""]",692230
922,Yung Upgrade,6.453799938846798,"[""wolf""]",3919660
923,Higuy112,6.441227200345216,"[""pitBoth""]",3553121
924,Cayd,6.434950019002135,"[""littlemac""]",2891227
925,GREASY,6.397415186075658,"[""brave""]",2507901
926,Ninjakei_,6.360099292484942,"[""sheik""]",4673450
927,Inflation,6.3415230485660965,"[""sonic""]",2648898
928,IZ4NAGI,6.302996618001157,"[""gamewatch""]",3830569
929,peashi,6.2922512219994085,"[""jack""]",4768205
930,Froglet,6.2922512219994085,"[""pikachu""]",3143685
931,TK,6.2601248221182155,"[""jack""]",29995
932,gay wizard,6.249452514276273,"[""purin""]",4589925
933,snickers,6.219060354315188,"[""szerosuit""]",4512744
934,Mapper,6.209971560545856,"[""pitBoth""]",2798286
935,Pokedranzer,6.181277917022955,"[""miiswordsman""]",1274550
936,SoxBrigade,6.158718722472362,"[""toonlink""]",5091557
937,SophieFreeman,6.1317563408510924,,4787496
938,Theory,6.104911998395996,"[""gekkouga""]",2805735
939,TREXplode,6.090049289081761,"[""dedede"", ""chrom""]",2349707
940,Accompany (az),6.078185178340972,"[""paisy""]",3877978
941,Himeeka,6.075222763766282,"[""palutena""]",3733690
942,Monky,6.073742097961275,"[""captain""]",2652439
943,EvilWizard4,6.072261793027188,"[""ness""]",3937254
944,KayC,6.069302265419984,"[""fox""]",4076688
945,fuggle,6.0663441802413125,"[""koopa""]",3433573
946,UnclePickle,6.050100463769724,"[""dolly""]",2821781
947,NK,6.050100463769724,"[""ridley""]",1550665
948,White,6.042731341948845,"[""lucas""]",4528565
949,SPLATBOY,6.036842507529388,"[""pickel""]",4645367
950,SPOOKYNICK,6.019210415047432,,2185540
951,CatClanLeader,6.016276743871174,"[""link""]",4363622
952,CocoBuffs,6.013344502521417,"[""littlemac"", ""ken""]",4275405
953,CoomInDoom,6.008948819897151,"[""reflet""]",3959131
954,Whorable,5.998704718791397,"[""shizue""]",4363824
955,Flutinator,5.987018557693716,"[""packun""]",4887354
956,potatojuiceultra,5.9202635733240445,"[""gaogaen""]",4326856
957,Daffy,5.90297197846925,"[""wiifit""]",4972545
958,Marph,5.891472315670479,"[""falco""]",4944106
959,Frost,5.865679917601278,"[""gekkouga""]",3026305
960,Sudsen,5.831465616781969,"[""pitBoth""]",2084995
961,Galacta487,5.825782667549792,"[""demon""]",4202247
962,Knix,5.817268626168352,"[""sora""]",4395487
963,Spoonman,5.7918010859606985,"[""packun""]",3675568
964,Oliver,5.788978250616378,"[""ike""]",3633954
965,bradygallon,5.7678507930974146,"[""lucas""]",1937150
966,FunkNastyJ,5.749602710857654,"[""rosetta""]",2204371
967,ANoob123,5.732809573285173,"[""marth""]",3253259
968,Re_Fresh,5.717458955099452,"[""wario""]",3380051
969,Bluego,5.704929936600246,"[""link"", ""eflame_first""]",4365437
970,Dehydrated Water,5.700759701320286,"[""dolly""]",4579706
971,Diego Del-Fuego,5.695204129171456,"[""ness""]",1203819
972,Wisp,5.69381608229079,"[""wolf""]",4659714
973,SS Slightly,5.691041003339939,"[""snake""]",4259242
974,Stewy,5.645446981468193,"[""gamewatch""]",5013530
975,Miles GX,5.645446981468193,"[""fox""]",3244238
976,Floppr-boi,5.600218238080508,"[""edge""]",4525506
977,iwatani <3,5.574342005925943,"[""kirby""]",2974163
978,Mr.Homelesshobo,5.57026722885523,"[""pacman""]",1360891
979,duckraisin,5.568909631853239,"[""roy""]",3901106
980,Tango,5.494749118111636,"[""falco""]",3830631
981,Griever,5.429511104816513,"[""ptrainer""]",1777396
982,Athfive,5.418933797809922,"[""krool"", ""purin""]",2333540
983,Cosmic brownie,5.408377096603993,"[""bayonetta""]",3098817
984,NightCrawler,5.397840961056275,"[""dolly""]",4458521
985,chriswad,5.382075230724644,"[""inkling""]",4660033
986,Dragontamer,5.366355548109997,"[""captain""]",4517994
987,Letter Y,5.366355548109997,"[""donkey""]",4331279
988,CrakdChaos,5.361125863473949,"[""link""]",4527588
989,Asslifter01,5.345467368670701,"[""younglink""]",3339384
990,Dankrai,5.329854608376537,"[""jack""]",1074171
991,sim,5.298765757389804,"[""luigi""]",4527566
992,Encrypted,5.298765757389804,"[""inkling""]",4503795
993,Doctrine,5.293601941160521,"[""duckhunt"", ""captain"", ""dolly""]",4805440
994,jaisal,5.283289400708643,"[""fox""]",4726705
995,kakne,5.283289400708643,"[""kamui""]",2347176
996,Flicky,5.278140666682549,"[""koopa""]",2408043
997,Milkman,5.257595857759044,"[""ness""]",4043752
998,Jehovahs Thickness,5.252472162910023,"[""captain""]",5000188
999,Aileron,5.252472162910023,"[""gekkouga""]",1057562
1000,BranDaan,5.247353461265047,"[""younglink""]",3043712
1001,Elephant45,5.211661951313335,"[""kamui""]",3959161
1002,Daedra,5.201509039309028,"[""mario""]",5007286
1003,Water.,5.191375906335505,"[""palutena""]",2759731
1004,picle,5.166129354481076,"[""dedede""]",4275812
1005,Quipla,5.161094796656728,"[""jack""]",4502214
1006,FreQncy,5.161094796656728,,4088428
1007,romance,5.156065145169555,"[""marth""]",1754559
1008,K,5.151040395238169,"[""pikachu""]",1491775
1009,Drakenforge42,5.146020542085852,"[""cloud""]",3609418
1010,Mr Bastard,5.135995507034801,"[""master""]",3378640
1011,Anansi,5.130990315605879,"[""koopa""]",3202738
1012,Fae_Venom,5.1209945611505905,"[""packun""]",5092971
1013,Mr. Oil,5.111018279565253,"[""shizue""]",1838477
1014,GatesOfChell,5.096090285854988,"[""mewtwo""]",2840162
1015,Beefus,5.071307124323634,"[""purin""]",4071391
1016,Godwooper,4.98308148997291,"[""miiswordsman"", ""brave"", ""cloud""]",4450337
1017,"FaeVenom, Fallen Queen",4.98308148997291,"[""packun""]",3428059
1018,Maverick,4.978225318130651,"[""eflame_first""]",448640
1019,delirium,4.978225318130651,"[""master""]",3835468
1020,VisualJay,4.978225318130651,"[""paisy""]",1200621
1021,Gx3,4.929923127403583,"[""jack""]",4893102
1022,Rasen,4.925118760081079,"[""sora"", ""ness""]",3899273
1023,Jayden,4.915524066900863,,5214598
1024,Charact_R,4.901167062417679,"[""kirby""]",4666979
1025,Wiggler,4.853612544270032,"[""master""]",4603634
1026,acetrainerleo,4.830008593604337,"[""lucas""]",4670763
1027,Rubikw,4.811208108751617,"[""diddy""]",4852042
1028,Lime,4.7738263930825005,"[""kirby"", ""lucina""]",4940576
1029,SpectacularNBDY,4.7645264346919545,"[""ganon""]",4458816
1030,kapl,4.741355725064002,"[""purin"", ""wolf""]",1076415
1031,Poner1000,4.736735122689242,"[""reflet""]",1426129
1032,Purps,4.718297698572983,"[""ness""]",4517701
1033,Kusumo,4.704516742506153,"[""eflame_first""]",3004160
1034,scriptablecat,4.686204726276209,"[""ganon""]",4145112
1035,xLuckyxSeven,4.677075464888091,"[""buddy""]",2524316
1036,BeanieMan,4.654330044332576,"[""dedede""]",3471360
1037,Puddle,4.600191319985013,"[""pitBoth""]",4310545
1038,Chrono Chaos,4.595708286825297,"[""kirby""]",1924257
1039,Luopii,4.591229622524376,"[""koopa""]",4295365
1040,VULFZ **,4.551117541326546,"[""sheik""]",4584747
1041,Koopa The Quick-Scoper,4.542251445184855,"[""koopa""]",4908383
1042,GoingGold,4.533402621209851,"[""snake""]",1782281
1043,Morpho,4.515756655232857,"[""dolly""]",4625033
1044,JELLYDONUTZMAN,4.502567270405977,"[""luigi""]",2921273
1045,onthehunt,4.493795755730436,"[""master""]",4433583
1046,Macawgaming,4.4850413289660995,"[""rockman""]",4334957
1047,TruThunder,4.480670513145222,"[""miifighter""]",4673489
1048,Glass Cann,4.47194165585071,"[""dolly""]",4366891
1049,Luke,4.415617098537635,"[""littlemac""]",1226843
1050,TheFosterKid,4.4113139388435245,"[""kamui""]",4515404
1051,Tatey,4.385582902675134,"[""ness""]",4224475
1052,Cwayneb,4.377039286892988,"[""inkling""]",3632095
1053,Tsunami,4.360001954718889,"[""koopa""]",159476
1054,Teo,4.3430309392188216,"[""cloud""]",4503518
1055,SheepSheep,4.33879851705203,"[""luigi""]",4513872
1056,Yesfex,4.334570219515627,"[""lucas""]",3252231
1057,Skitz,4.3303460425900315,"[""packun""]",4365048
1058,GIBBY,4.313490460741057,"[""gaogaen""]",3639629
1059,BakerFalcon,4.309286826712705,"[""captain""]",435521
1060,GamingHotchi,4.305087289259784,"[""cloud""]",4581628
1061,Squall,4.305087289259784,"[""roy""]",4564282
1062,SteelScout18,4.296700488115151,"[""pitBoth""]",5011305
1063,Moosey,4.2841509110342155,"[""pickel""]",4066483
1064,Jumb,4.279975869332806,"[""koopa""]",4995004
1065,tryingpickle,4.2716379880987905,,5202541
1066,x_Nova_x,4.242583111028325,,4450904
1067,Stox,4.242583111028325,"[""purin""]",4221442
1068,DeeKay,4.221950701346994,"[""wario"", ""toonlink""]",5001148
1069,Starly,4.20961944951666,"[""roy""]",3899278
1070,Satoshi,4.172841372388352,"[""lucina""]",4673979
1071,SkyelarRose,4.172841372388352,"[""koopa""]",4157839
1072,Starsong,4.132353574636645,"[""dolly""]",3578483
1073,klpuff3,4.104246083913582,"[""purin""]",4887352
1074,Steggo,4.088270581005654,"[""toonlink""]",2592606
1075,Cat Moonrunes,4.076329775048625,"[""cloud""]",5003984
1076,Smerkio,4.076329775048625,"[""toonlink""]",4561964
1077,SirPinky,4.072357261672476,"[""gamewatch""]",3622918
1078,Quick$ilver,4.068388619637312,"[""sonic""]",4732698
1079,COUGARGOD,4.052552689506722,"[""yoshi""]",4341263
1080,John Bellingham,4.04465785457043,"[""demon""]",4905274
1081,KittyzRule,4.0367783996732,"[""miiswordsman"", ""eflame_first""]",4673488
1082,TerrenceOlsen,4.032844430373807,"[""sora""]",4449874
1083,CheifKabooty,4.0132320158869215,"[""palutena""]",4158549
1084,Maestro,3.9127745352211605,"[""kirby""]",4904661
1085,2DKaps,3.8975443224884256,"[""kirby""]",3539692
1086,Collector,3.889951461533748,"[""dolly""]",4199060
1087,Mystic,3.882373392338369,"[""shizue""]",3252699
1088,Yurhee,3.8559662197337814,"[""eflame_first""]",4182149
1089,LarryBoyRocks,3.8185529642299807,"[""master""]",4132236
1090,TeeTheGee,3.796279481590638,"[""kirby""]",4822846
1091,Bromeo,3.796279481590638,"[""pacman""]",2587851
1092,Red,3.7741359193775765,"[""eflame_first""]",3697292
1093,Gr1ffbear,3.7631126214388053,"[""diddy""]",4380778
1094,Dokiume,3.7631126214388053,"[""sheik""]",3723746
1095,Xenconic,3.7631126214388053,"[""miiswordsman""]",1117398
1096,Caper,3.7521215197696023,"[""younglink""]",4258331
1097,Treeshark,3.7484649576785136,"[""link""]",3919928
1098,Subpar,3.737516638136183,"[""captain"", ""fox""]",5031676
1099,DripasaurusFlex,3.7120947538912112,"[""zelda""]",4721662
1100,KBM,3.708477199160084,"[""gamewatch""]",4716514
1101,princess,3.701252662529584,"[""pitBoth""]",4843088
1102,daddy,3.690442238178872,"[""littlemac""]",3917490
1103,Bi06Hazard,3.665340545136371,"[""jack""]",4078061
1104,Carrots7,3.636861893830571,"[""palutena""]",5028870
1105,Zurtle,3.636861893830571,"[""ness""]",5004629
1106,JEWEL_EATS_TODDLERS,3.636861893830571,"[""koopa""]",4629603
1107,SmackdownShmello,3.636861893830571,"[""samusBoth"", ""random""]",4577848
1108,Encelia,3.636861893830571,"[""jack""]",4536064
